_player_name,_player_id,_start_season,_end_season
Mahmoud Abdul-Rauf,51,1990,2001
Tariq Abdul-Wahad,1505,1997,2004
Shareef Abdur-Rahim,949,1996,2008
Alex Abrines,203518,2016,2017
Alex Acker,101165,2005,2009
Quincy Acy,203112,2012,2017
Hassan Adams,200801,2006,2009
Jordan Adams,203919,2014,2016
Steven Adams,203500,2013,2017
Rafael Addison,912,1986,1997
Jeff Adrien,202399,2010,2015
Arron Afflalo,201167,2007,2017
Maurice Ager,200772,2006,2011
Blake Ahearn,201336,2007,2012
Alexis Ajinca,201582,2008,2017
Josh Akognon,203006,2012,2013
Solomon Alabi,202374,2010,2012
Furkan Aldemir,203128,2014,2015
Cole Aldrich,202332,2010,2017
LaMarcus Aldridge,200746,2006,2017
Cliff Alexander,1626146,2015,2016
Cory Alexander,724,1995,2005
Courtney Alexander,2042,2000,2004
Joe Alexander,201570,2008,2010
Victor Alexander,2349,1991,2002
Jerome Allen,706,1995,1997
Lavoy Allen,202730,2011,2017
Malik Allen,2124,2001,2011
Ray Allen,951,1996,2014
Tony Allen,2754,2004,2017
Lance Allred,200984,2007,2008
Morris Almond,201165,2007,2012
Derrick Alston,308,1994,1997
Rafer Alston,1747,1999,2010
Peter Aluma,1824,1998,1999
John Amaechi,680,1995,2003
Ashraf Amaya,732,1995,1997
Al-Farouq Aminu,202329,2010,2017
Lou Amundson,200811,2006,2016
Chris Andersen,2365,2001,2017
David Andersen,2431,2009,2011
Alan Anderson,101187,2005,2017
Antonio Anderson,202079,2009,2010
Derek Anderson,1507,1997,2008
Greg Anderson,246,1987,1998
James Anderson,202341,2010,2016
Justin Anderson,1626147,2015,2017
Kenny Anderson,72,1991,2005
Kyle Anderson,203937,2014,2017
Nick Anderson,98,1989,2003
Ryan Anderson,201583,2008,2017
Shandon Anderson,1000,1996,2006
Willie Anderson,335,1988,1997
Martynas Andriuskevicius,101149,2005,2007
Chris Anstey,1512,1997,2000
Giannis Antetokounmpo,203507,2013,2017
Thanasis Antetokounmpo,203648,2015,2016
Carmelo Anthony,2546,2003,2017
Greg Anthony,21,1991,2002
Joel Anthony,201202,2007,2017
Pero Antic,203544,2013,2015
Keith Appling,203951,2015,2016
Rafael Araujo,2737,2004,2007
Robert Archibald,2425,2002,2004
Gilbert Arenas,2240,2001,2012
Trevor Ariza,2772,2004,2017
B.J. Armstrong,769,1989,2000
Brandon Armstrong,2220,2001,2004
Darrell Armstrong,353,1994,2008
Hilton Armstrong,200756,2006,2014
Carlos Arroyo,2306,2001,2011
Darrell Arthur,201589,2008,2017
Omer Asik,201600,2010,2017
Vincent Askew,355,1987,1998
Keith Askins,173,1990,1999
Chucky Atkins,1088,1999,2010
Stacey Augmon,278,1991,2006
D.J. Augustin,201571,2008,2017
James Augustine,200788,2006,2008
Ike Austin,1134,1991,2002
Anthony Avent,138,1992,2000
William Avery,1895,1999,2003
Gustavo Ayon,202970,2011,2014
Jeff Ayres,201965,2009,2016
Kelenna Azubuike,101235,2006,2012
Chris Babb,203569,2013,2015
Luke Babbitt,202337,2010,2017
Dalibor Bagaric,2053,2000,2003
Thurl Bailey,1847,1983,1999
Toby Bailey,1753,1998,2003
Cameron Bairstow,203946,2014,2016
Mark Baker,1858,1998,1999
Maurice Baker,2486,2002,2005
Ron Baker,1627758,2016,2017
Vin Baker,452,1993,2006
Wade Baldwin IV,1627735,2016,2017
Renaldo Balkman,200764,2006,2012
Marcus Banks,2556,2003,2011
Leandro Barbosa,2571,2003,2017
J.J. Barea,200826,2006,2017
Andrea Bargnani,200745,2006,2016
Charles Barkley,787,1984,2000
Erick Barkley,2057,2000,2003
Harrison Barnes,203084,2012,2017
Matt Barnes,2440,2002,2017
Andre Barrett,2857,2004,2008
Earl Barron,2853,2005,2015
Dana Barros,344,1989,2004
Brent Barry,699,1995,2009
Drew Barry,1003,1997,2000
Jon Barry,468,1992,2006
Will Barton,203115,2012,2017
Eddie Basden,101188,2005,2006
Brandon Bass,101138,2005,2017
Maceo Baston,1766,2002,2009
Mengke Bateer,2370,2001,2004
Esteban Batista,101212,2005,2007
Mike Batiste,2471,2002,2003
Tony Battie,1499,1997,2012
Shane Battier,2203,2001,2014
Nicolas Batum,201587,2008,2017
Lonny Baxter,2437,2002,2006
Jerryd Bayless,201573,2008,2017
Aron Baynes,203382,2012,2017
Kent Bazemore,203145,2012,2017
Bradley Beal,203078,2012,2017
Jerome Beasley,2602,2003,2004
Malik Beasley,1627736,2016,2017
Michael Beasley,201563,2008,2017
Rodrigue Beaubois,201958,2009,2013
Corey Beck,1133,1995,1999
Marco Belinelli,201158,2007,2017
Charlie Bell,2294,2001,2011
Raja Bell,1952,2000,2012
Troy Bell,2559,2003,2004
DeAndre' Bembry,1627761,2016,2017
Dragan Bender,1627733,2016,2017
Jonathan Bender,1886,1999,2010
Jerrelle Benimon,203968,2014,2015
Benoit Benjamin,104,1985,2000
Corey Benjamin,1736,1998,2003
Anthony Bennett,203461,2013,2017
Elmer Bennett,1120,1994,1997
Mario Bennett,712,1995,2003
David Benoit,128,1991,2001
Keith Benson,202728,2011,2012
Davis Bertans,202722,2016,2017
Travis Best,696,1995,2005
Patrick Beverley,201976,2012,2017
Sim Bhullar,204021,2014,2015
Mike Bibby,1710,1998,2012
Andris Biedrins,2740,2004,2014
Chauncey Billups,1497,1997,2014
Bismack Biyombo,202687,2011,2017
Nemanja Bjelica,202357,2015,2017
Tarik Black,204028,2014,2017
DeJuan Blair,201971,2009,2016
Steve Blake,2581,2003,2016
Marqus Blakely,202392,2010,2011
Will Blalock,200807,2006,2007
Andray Blatche,101154,2005,2014
Mookie Blaylock,302,1989,2002
Eric Bledsoe,202339,2010,2017
Corie Blount,916,1993,2004
Mark Blount,1548,2000,2009
Vander Blue,203505,2013,2015
Tony Bobbitt,2800,2004,2005
Keith Bogans,2586,2003,2014
Bojan Bogdanovic,202711,2014,2017
Muggsy Bogues,177,1987,2001
Andrew Bogut,101106,2005,2017
Etdrick Bohannon,1564,1997,2001
Joel Bolomboy,1627762,2016,2017
Dexter Boney,1121,1996,1997
Anthony Bonner,41,1990,2003
Matt Bonner,2588,2004,2016
Devin Booker,1626164,2015,2017
Melvin Booker,511,1995,1997
Trevor Booker,202344,2010,2017
Josh Boone,200767,2006,2010
Calvin Booth,1916,1999,2009
Keith Booth,1522,1997,1999
Carlos Boozer,2430,2002,2015
Curtis Borchardt,2414,2002,2005
Lazaro Borrell,1953,1999,2000
Chris Bosh,2547,2003,2017
Ruben Boumtje-Boumtje,2257,2001,2004
Cal Bowdler,1898,1999,2002
Bruce Bowen,1477,1996,2009
Ryan Bowen,1763,1999,2010
Anthony Bowie,194,1988,1998
Ira Bowman,1085,1999,2002
Donnie Boyce,671,1995,1997
Earl Boykins,1863,1998,2012
Cedric Bozeman,200841,2006,2007
Craig Brackins,202342,2010,2012
Avery Bradley,202340,2010,2017
Michael Bradley,2214,2001,2006
Shawn Bradley,762,1993,2005
Mark Bradtke,1361,1996,1997
Torraye Braggs,1765,2003,2005
A.J. Bramlett,1920,1999,2000
Elton Brand,1882,1999,2016
Terrell Brandon,210,1991,2003
Tim Breaux,160,1994,1998
J.R. Bremer,2452,2002,2004
Corey Brewer,201147,2007,2017
Jamison Brewer,2249,2001,2005
Ronnie Brewer,200758,2006,2014
Primoz Brezec,2056,2001,2010
Frank Brickowski,783,1984,1997
Jon Brockman,201972,2009,2012
Malcolm Brogdon,1627763,2016,2017
Aaron Brooks,201166,2007,2017
MarShon Brooks,202705,2011,2014
Scott Brooks,418,1988,1998
Andre Brown,2810,2006,2009
Anthony Brown,1626148,2015,2017
Bobby Brown,201628,2008,2017
Chucky Brown,359,1989,2002
Damone Brown,2245,2001,2005
Dee Brown,244,1990,2002
Dee Brown(2),200793,2006,2009
Derrick Brown,201974,2009,2012
Devin Brown,2484,2002,2010
Ernest Brown,2081,2001,2004
Gerald Brown,1871,1998,1999
Jabari Brown,203913,2014,2015
Jaylen Brown,1627759,2016,2017
Kedrick Brown,2208,2001,2005
Kwame Brown,2198,2001,2013
Lorenzo Brown,203485,2013,2016
Marcus Brown,992,1996,2000
Markel Brown,203900,2014,2016
Mike Brown,1479,1986,1998
P.J. Brown,136,1993,2008
Randy Brown,753,1991,2003
Shannon Brown,200769,2006,2015
Tierre Brown,2357,2001,2005
Rick Brunson,1594,1997,2006
Nicolas Brussino,1627852,2016,2017
Kobe Bryant,977,1996,2016
Mark Bryant,95,1988,2003
Greg Buckner,1761,1999,2009
Chase Budinger,201978,2009,2016
Jud Buechler,146,1990,2002
Rodney Buford,1934,1999,2005
Matt Bullard,672,1990,2003
Reggie Bullock,203493,2013,2017
Pat Burke,2469,2002,2007
Trey Burke,203504,2013,2017
Alec Burks,202692,2011,2017
Antonio Burks,2766,2004,2006
Kevin Burleson,101207,2005,2006
Scott Burrell,197,1993,2001
Willie Burton,416,1990,1999
Brian Butch,202221,2009,2010
Caron Butler,2406,2002,2016
Da'Sean Butler,202364,2010,2011
Jackie Butler,2866,2004,2007
Jimmy Butler,202710,2011,2017
Mitchell Butler,348,1993,2004
Rasual Butler,2446,2002,2016
Dwight Buycks,202779,2013,2015
Derrick Byars,201182,2011,2012
Andrew Bynum,101115,2005,2014
Will Bynum,101198,2005,2015
Zarko Cabarkapa,2560,2003,2007
Bruno Caboclo,203998,2014,2017
Jason Caffey,679,1995,2003
Michael Cage,262,1984,2000
Nick Calathes,201979,2013,2015
Jose Calderon,101181,2005,2017
Adrian Caldwell,154,1989,1998
Kentavious Caldwell-Pope,203484,2013,2017
Marcus Camby,948,1996,2013
Elden Campbell,922,1990,2005
Isaiah Canaan,203477,2013,2017
Clint Capela,203991,2014,2017
Derrick Caracter,202382,2010,2011
Brian Cardinal,2073,2000,2012
Geno Carlisle,2367,2004,2005
Rodney Carney,200760,2006,2011
Antoine Carr,156,1984,2000
Chris Carr,713,1995,2001
Cory Carr,1757,1998,1999
DeMarre Carroll,201960,2009,2017
Matt Carroll,2679,2003,2013
Jimmy Carruth,1131,1996,1997
Anthony Carter,1853,1999,2012
Maurice Carter,2466,2002,2004
Vince Carter,1713,1998,2017
Michael Carter-Williams,203487,2013,2017
Sam Cassell,208,1993,2008
Omri Casspi,201956,2009,2017
Kelvin Cato,1509,1997,2007
Willie Cauley-Stein,1626161,2015,2017
Duane Causwell,190,1990,2003
Cedric Ceballos,76,1990,2001
John Celestand,1911,1999,2003
Lionel Chalmers,2763,2004,2005
Mario Chalmers,201596,2008,2016
Tom Chambers,1472,1981,1998
Tyson Chandler,2199,2001,2017
Wilson Chandler,201163,2007,2017
Rex Chapman,364,1988,2000
Calbert Cheaney,384,1993,2006
Will Cherry,203805,2014,2015
Pete Chilcutt,432,1991,2000
Josh Childress,2735,2004,2014
Randolph Childress,719,1995,1997
Chris Childs,164,1994,2003
Marquese Chriss,1627737,2016,2017
Doug Christie,57,1992,2007
Dionte Christmas,202091,2013,2014
Rakeem Christmas,1626176,2015,2017
Semaj Christon,203902,2016,2017
Patrick Christopher,203565,2014,2015
Earl Clark,201947,2009,2015
Ian Clark,203546,2013,2017
Keon Clark,1721,1998,2004
Coty Clarke,1626262,2015,2016
Jordan Clarkson,203903,2014,2017
Victor Claver,201964,2012,2015
Speedy Claxton,2049,2001,2009
Mateen Cleaves,2043,2000,2006
Keith Closs,1569,1997,2001
John Coker,715,1995,2001
Norris Cole,202708,2011,2016
Derrick Coleman,934,1990,2005
Bimbo Coles,902,1990,2004
Jason Collier,2044,2000,2005
James Collins,1530,1997,1998
Jarron Collins,2260,2001,2011
Jason Collins,2215,2001,2014
Mardy Collins,200776,2006,2010
Sherron Collins,202395,2010,2011
Darren Collison,201954,2009,2017
Nick Collison,2555,2003,2017
Sean Colson,2173,2000,2003
Mike Conley,201144,2007,2017
Marty Conlon,55,1991,2000
Pat Connaughton,1626192,2015,2017
Will Conroy,101215,2006,2013
Brian Cook,2567,2003,2012
Daequan Cook,201161,2007,2013
Omar Cook,2241,2001,2005
Jack Cooley,204022,2014,2015
Chris Copeland,203142,2012,2016
Tyrone Corbin,895,1985,2001
Bryce Cotton,203955,2014,2016
James Cotton,1526,1997,1999
Joe Courtney,1432,1992,1997
Marcus Cousin,202408,2010,2011
DeMarcus Cousins,202326,2010,2017
Robert Covington,203496,2013,2017
Allen Crabbe,203459,2013,2017
Chris Crawford,1544,1997,2004
Jamal Crawford,2037,2000,2017
Joe Crawford,201621,2008,2009
Jordan Crawford,202348,2010,2014
Joe Crispin,2343,2001,2002
Javaris Crittenton,201159,2007,2010
Austin Croshere,1506,1997,2009
John Crotty,180,1992,2003
Jae Crowder,203109,2012,2017
Terry Cummings,187,1982,2000
Vonteego Cummings,1907,1999,2003
Dante Cunningham,201967,2009,2017
Jared Cunningham,203099,2012,2016
William Cunningham,1061,1997,1999
Earl Cureton,940,1980,1997
Bill Curley,223,1994,2001
Dell Curry,209,1986,2002
Eddy Curry,2201,2001,2013
JamesOn Curry,201191,2007,2010
Michael Curry,688,1993,2005
Seth Curry,203552,2013,2017
Stephen Curry,201939,2009,2017
Samuel Dalembert,2223,2001,2015
Erick Dampier,956,1996,2012
Antonio Daniels,1498,1997,2011
Erik Daniels,2845,2004,2005
Lloyd Daniels,1380,1992,1998
Marquis Daniels,2605,2003,2013
Troy Daniels,203584,2013,2017
Sasha Danilovic,390,1995,1997
Yinka Dare,212,1994,1998
Gigi Datome,203540,2013,2015
Kornel David,1600,1998,2001
Jermareo Davidson,201176,2007,2009
Brandon Davies,203561,2013,2015
Anthony Davis,203076,2012,2017
Antonio Davis,213,1993,2006
Baron Davis,1884,1999,2012
Ben Davis,989,1996,2000
Dale Davis,905,1991,2007
Deyonta Davis,1627738,2016,2017
Ed Davis,202334,2010,2017
Emanual Davis,1023,1996,2003
Glen Davis,201175,2007,2015
Hubert Davis,93,1992,2004
Josh Davis,2668,2003,2012
Mark Davis,707,1995,2000
Paul Davis,200781,2006,2010
Ricky Davis,1729,1998,2010
Terry Davis,426,1989,2001
Andre Dawkins,203958,2014,2015
Branden Dawson,1626183,2015,2016
Eric Dawson,201286,2011,2012
Todd Day,103,1992,2001
Austin Daye,201948,2009,2015
Nando De Colo,201986,2012,2014
Andrew DeClercq,692,1995,2005
DeMar DeRozan,201942,2009,2017
Dewayne Dedmon,203473,2013,2017
Terry Dehere,143,1993,1999
Bryce Dejean-Jones,1626214,2015,2016
Sam Dekker,1626155,2015,2017
Vinny Del Negro,219,1988,2002
Malcolm Delaney,1627098,2016,2017
Bison Dele,183,1991,1999
Carlos Delfino,2568,2004,2014
Tony Delk,960,1996,2006
Matthew Dellavedova,203521,2013,2017
Dell Demps,725,1993,1997
Luol Deng,2736,2004,2017
Justin Dentmon,202458,2011,2013
Derrick Dial,1760,1999,2004
Cheick Diallo,1627767,2016,2017
Boris Diaw,2564,2003,2017
Yakhouba Diawara,200821,2006,2010
Guillermo Diaz,200799,2007,2008
Dan Dickau,2424,2002,2008
Kaniel Dickens,2079,2003,2008
Michael Dickerson,1722,1998,2003
Travis Diener,101143,2005,2010
Gorgui Dieng,203476,2013,2017
Spencer Dinwiddie,203915,2014,2017
Ike Diogu,101113,2005,2012
DeSagana Diop,2205,2001,2013
Vlade Divac,124,1989,2005
Juan Dixon,2413,2002,2009
Aleksandar Djordjevic,1059,1996,1997
Michael Doleac,1720,1998,2008
Keyon Dooling,2039,2000,2013
Joey Dorsey,201595,2008,2015
Quincy Douby,200763,2006,2009
Sherman Douglas,428,1989,2001
Toney Douglas,201962,2009,2017
Chris Douglas-Roberts,201604,2008,2015
Zabian Dowdell,202220,2010,2011
Goran Dragic,201609,2008,2017
Zoran Dragic,204054,2014,2015
Greg Dreiling,1068,1986,1997
Bryce Drew,1724,1998,2004
Larry Drew II,203580,2014,2015
Clyde Drexler,17,1983,1998
Nate Driggers,1041,1996,1997
Predrag Drobnjak,1542,2001,2005
Andre Drummond,203083,2012,2017
Kevin Duckworth,404,1986,1997
Chris Dudley,201,1987,2003
Jared Dudley,201162,2007,2017
Chris Duhon,2768,2004,2013
Duje Dukan,1626251,2015,2016
Joe Dumars,247,1985,1999
Tony Dumas,434,1994,1998
Tim Duncan,1495,1997,2016
Mike Dunleavy,2399,2002,2017
Kris Dunn,1627739,2016,2017
Ronald Dupree,2648,2003,2011
Kevin Durant,201142,2007,2017
Jerome Dyson,202406,2011,2012
Ledell Eackles,289,1988,1998
Acie Earl,768,1993,1997
Cleanthony Early,203921,2014,2016
Devin Ebanks,202365,2010,2013
Ndudi Ebi,2569,2003,2005
Jarell Eddie,204067,2015,2016
Tyus Edney,721,1995,2001
Blue Edwards,898,1989,1999
Corsley Edwards,2451,2002,2005
John Edwards,2823,2004,2006
Kevin Edwards,236,1988,2001
Shane Edwards,202197,2013,2014
Craig Ehlo,378,1983,1997
Howard Eisley,458,1994,2006
Obinna Ekezie,1918,1999,2005
Khalid El-Amin,2064,2000,2003
Mario Elie,53,1990,2001
Henry Ellenson,1627740,2016,2017
Wayne Ellington,201961,2009,2017
Sean Elliott,251,1989,2001
Dale Ellis,107,1983,2000
Harold Ellis,1677,1993,1998
LaPhonso Ellis,111,1992,2003
Monta Ellis,101145,2005,2017
Pervis Ellison,442,1989,2001
Francisco Elson,1922,2003,2012
Melvin Ely,2408,2002,2014
Joel Embiid,203954,2014,2017
Andre Emmett,2765,2004,2012
Kim English,203119,2012,2013
Tyler Ennis,203898,2014,2017
James Ennis III,203516,2014,2017
Semih Erden,201623,2010,2012
Evan Eschmeyer,1915,1999,2004
Brian Evans,967,1996,1999
Jeremy Evans,202379,2010,2016
Maurice Evans,2230,2001,2012
Reggie Evans,2501,2002,2015
Tyreke Evans,201936,2009,2017
Daniel Ewing,101137,2005,2007
Patrick Ewing,121,1985,2002
Patrick Ewing Jr.,201607,2010,2011
Dante Exum,203957,2014,2017
Christian Eyenga,201963,2010,2012
Festus Ezeli,203105,2012,2017
Kenneth Faried,202702,2011,2017
Jordan Farmar,200770,2006,2017
Desmon Farmer,2824,2006,2009
Tony Farmer,1108,1997,2000
Vitor Faverani,203543,2013,2014
Derrick Favors,202324,2010,2017
Nick Fazekas,201174,2007,2008
Jamie Feick,994,1996,2003
Kay Felder,1627770,2016,2017
Cristiano Felicio,1626245,2015,2017
Carrick Felix,203467,2013,2014
Noel Felix,101230,2005,2006
Raymond Felton,101109,2005,2017
Desmond Ferguson,2724,2003,2004
Rudy Fernandez,201164,2008,2012
Duane Ferrell,273,1988,1999
Yogi Ferrell,1627812,2016,2017
Danny Ferry,198,1990,2003
Kyrylo Fesenko,201178,2007,2012
Landry Fields,202361,2010,2015
Michael Finley,714,1995,2010
Dorian Finney-Smith,1627827,2016,2017
Matt Fish,900,1994,1997
Derek Fisher,965,1996,2014
Gerald Fitch,2809,2005,2006
Marcus Fizer,2033,2000,2006
Luis Flores,2784,2004,2005
Jonny Flynn,201938,2009,2012
Ike Fontaine,1829,2001,2002
Jeff Foote,202880,2011,2012
Bryn Forbes,1627854,2016,2017
Gary Forbes,201814,2010,2012
Alton Ford,2228,2001,2004
Sharrod Ford,101213,2005,2006
T.J. Ford,2551,2003,2012
Joseph Forte,2218,2001,2003
Courtney Fortson,202622,2011,2012
Danny Fortson,1504,1997,2007
Greg Foster,323,1990,2003
Jeff Foster,1902,1999,2012
Antonis Fotsis,2238,2001,2002
Evan Fournier,203095,2012,2017
Tremaine Fowlkes,1762,2001,2005
Rick Fox,296,1991,2004
Randy Foye,200751,2006,2017
Adonal Foyle,1502,1997,2010
Richie Frahm,2499,2002,2008
Steve Francis,1883,1999,2008
Jamaal Franklin,203479,2013,2015
Tim Frazier,204025,2014,2017
Jimmer Fredette,202690,2011,2016
Joel Freeland,200777,2012,2015
Matt Freije,2782,2004,2007
Channing Frye,101112,2005,2017
Hiram Fuller,2673,2003,2004
Todd Fuller,957,1996,2001
Lawrence Funderburke,1444,1997,2005
Dan Gadzuric,2429,2002,2012
Tony Gaffney,202070,2009,2010
Deng Gai,101184,2005,2006
Reece Gaines,2558,2003,2006
Sundiata Gaines,202178,2009,2012
Danilo Gallinari,201568,2008,2017
Langston Galloway,204038,2014,2017
Kevin Gamble,333,1987,1997
Jorge Garbajosa,200816,2006,2008
Ruben Garces,2092,2000,2001
Alex Garcia,2682,2003,2005
Francisco Garcia,101128,2005,2015
Thomas Gardner,201242,2007,2009
Chris Garner,1612,1997,2001
Kevin Garnett,708,1995,2016
Marlon Garnett,1831,1998,1999
Dean Garrett,1051,1996,2002
Diante Garrett,203197,2012,2014
Kiwane Garris,1619,1997,2003
Pat Garrity,1727,1998,2008
Marc Gasol,201188,2008,2017
Pau Gasol,2200,2001,2017
Chris Gatling,423,1991,2002
Rudy Gay,200752,2006,2017
Andrew Gaze,1845,1993,1999
Michael Gbinije,1627771,2016,2017
Reggie Geary,1002,1996,1998
Alonzo Gee,202087,2009,2017
Matt Geiger,761,1992,2002
Mickael Gelabale,101153,2006,2013
Devean George,1904,1999,2010
Paul George,202331,2010,2017
Marcus Georges-Hunt,1627875,2016,2017
Daniel Gibson,200789,2006,2013
Jonathan Gibson,1626780,2016,2017
Taj Gibson,201959,2009,2017
J.R. Giddens,201592,2008,2010
Trey Gilder,201821,2009,2010
Eddie Gill,2109,2000,2009
Kendall Gill,383,1990,2005
Armen Gilliam,288,1987,2000
Manu Ginobili,1938,2002,2017
Gordan Giricek,1921,2002,2008
Mickell Gladness,202148,2011,2012
Dion Glover,1901,1999,2005
Andreas Glyniadakis,2601,2006,2007
Rudy Gobert,203497,2013,2017
Anthony Goldwire,924,1995,2006
Ryan Gomes,101155,2005,2014
Drew Gooden,2400,2002,2016
Steve Goodrich,1864,2000,2003
Archie Goodwin,203462,2013,2017
Aaron Gordon,203932,2014,2017
Ben Gordon,2732,2004,2015
Drew Gordon,204079,2014,2015
Eric Gordon,201569,2008,2017
Marcin Gortat,101162,2007,2017
Andrew Goudelock,202726,2011,2016
Greg Graham,37,1993,1998
Joey Graham,101121,2005,2011
Stephen Graham,101211,2005,2011
Treveon Graham,1626203,2016,2017
Danny Granger,101122,2005,2015
Brian Grant,258,1994,2006
Gary Grant,202,1988,2001
Harvey Grant,265,1988,1999
Horace Grant,270,1987,2004
Jerami Grant,203924,2014,2017
Jerian Grant,1626170,2015,2017
Paul Grant,1514,1998,2004
Aaron Gray,201189,2007,2014
Devin Gray,1070,1996,2000
Ed Gray,1516,1997,1999
Evric Gray,1026,1996,1997
Jeff Grayer,81,1988,1998
A.C. Green,920,1985,2001
Danny Green,201980,2009,2017
Devin Green,101209,2005,2006
Draymond Green,203110,2012,2017
Erick Green,203475,2014,2016
Gerald Green,101123,2005,2017
JaMychal Green,203210,2014,2017
Jeff Green,201145,2007,2017
Litterial Green,1036,1992,1999
Taurean Green,201192,2007,2008
Willie Green,2584,2003,2015
Donte Greene,201590,2008,2013
Orien Greene,101158,2005,2011
Lynn Greer,2696,2006,2007
Adrian Griffin,1559,1999,2008
Blake Griffin,201933,2009,2017
Eddie Griffin,2204,2001,2007
Taylor Griffin,201981,2009,2010
Derek Grimm,1575,1997,1998
Anthony Grundy,101219,2005,2006
Tom Gugliotta,339,1992,2005
Jorge Gutierrez,203268,2013,2016
A.J. Guyton,2062,2000,2003
Hamed Haddadi,201632,2008,2013
Malik Hairston,201612,2008,2010
PJ Hairston,203798,2014,2016
Marcus Haislip,2409,2002,2010
Jack Haley,917,1988,1998
Mike Hall,200837,2006,2007
Darvin Ham,1032,1996,2005
Steve Hamer,984,1996,1997
Jordan Hamilton,202706,2011,2016
Justin Hamilton,203120,2013,2017
Richard Hamilton,1888,1999,2013
Tang Hamilton,2347,2001,2003
Thomas Hamilton,676,1995,2003
Zendon Hamilton,1985,2000,2006
Tom Hammonds,67,1989,2001
AJ Hammons,1627773,2016,2017
Darrin Hancock,241,1994,1997
Ben Handlogten,1052,2003,2005
Ben Hansbrough,203162,2012,2013
Tyler Hansbrough,201946,2009,2016
Travis Hansen,2580,2003,2004
Reggie Hanson,1682,1997,1998
Luke Harangody,202376,2010,2012
Anfernee Hardaway,358,1993,2008
Tim Hardaway,896,1989,2003
Tim Hardaway Jr.,203501,2013,2017
James Harden,201935,2009,2017
Maurice Harkless,203090,2012,2017
Derek Harper,157,1983,1999
Justin Harper,202712,2011,2016
Ron Harper,166,1986,2001
Matt Harpring,1723,1998,2009
Montrezl Harrell,1626149,2015,2017
Josh Harrellson,202725,2011,2014
Adam Harrington,2492,2002,2003
Al Harrington,1733,1998,2014
Junior Harrington,2454,2002,2007
Othella Harrington,970,1996,2008
Devin Harris,2734,2004,2017
Elias Harris,203548,2013,2014
Gary Harris,203914,2014,2017
Joe Harris,203925,2014,2017
Lucious Harris,446,1993,2005
Manny Harris,202412,2010,2014
Michael Harris,200839,2007,2014
Terrel Harris,202227,2011,2013
Tobias Harris,202699,2011,2017
Aaron Harrison,1626151,2015,2017
Andrew Harrison,1626150,2016,2017
David Harrison,2758,2004,2008
Jason Hart,2078,2000,2010
Antonio Harvey,176,1993,2003
Donnell Harvey,2051,2000,2005
Kenny Hasbrouck,202238,2009,2010
Udonis Haslem,2617,2003,2017
Trenton Hassell,2239,2001,2010
Kirk Haston,2213,2001,2003
Spencer Hawes,201150,2007,2017
Hersey Hawkins,765,1988,2001
Juaquin Hawkins,1038,2002,2003
Michael Hawkins,1138,1996,2001
Charles Hayes,101236,2005,2016
Jarvis Hayes,2553,2003,2010
Gordon Hayward,202330,2010,2017
Lazar Hayward,202351,2010,2013
Brendan Haywood,2217,2001,2015
Luther Head,101129,2005,2011
Shane Heal,1049,1996,2004
Alan Henderson,673,1995,2007
Cedric Henderson,1538,1997,2003
Gerald Henderson,201945,2009,2017
J.R. Henderson,1764,1998,1999
Mark Hendrickson,971,1996,2000
Xavier Henry,202333,2010,2015
John Henson,203089,2012,2017
Steve Henson,1667,1990,1999
Juan Hernangomez,1627823,2016,2017
Willy Hernangomez,1626195,2016,2017
Chris Herren,1914,1999,2001
Carl Herrera,61,1991,1999
Walter Herrmann,200835,2006,2009
Mario Hezonja,1626209,2015,2017
Roy Hibbert,201579,2008,2017
JJ Hickson,201581,2008,2016
Buddy Hield,1627741,2016,2017
Cory Higgins,202809,2011,2013
Sean Higgins,925,1990,1998
Nene,2403,2002,2017
George Hill,201588,2008,2017
Grant Hill,255,1994,2013
Herbert Hill,201195,2007,2008
Jordan Hill,201941,2009,2017
Solomon Hill,203524,2013,2017
Steven Hill,201631,2008,2009
Tyrone Hill,238,1990,2004
Darrun Hilliard,1626199,2015,2017
Kirk Hinrich,2550,2003,2016
Robert Hite,200823,2006,2007
Darington Hobson,202359,2011,2012
Julius Hodge,101125,2005,2007
Fred Hoiberg,697,1995,2005
Randy Holcomb,2450,2002,2006
Jrue Holiday,201950,2009,2017
Justin Holiday,203200,2012,2017
John Holland,204066,2015,2016
Ryan Hollins,200797,2006,2016
Rondae Hollis-Jefferson,1626178,2015,2017
Richaun Holmes,1626158,2015,2017
Jerald Honeycutt,1532,1997,1999
Tyler Honeycutt,202715,2011,2013
Derek Hood,1967,1999,2003
Rodney Hood,203918,2014,2017
Scotty Hopson,203816,2013,2014
Al Horford,201143,2007,2017
Jeff Hornacek,204,1986,2000
Dennis Horner,202862,2011,2012
Robert Horry,109,1992,2008
Danuel House,1627863,2016,2017
Eddie House,2067,2000,2011
Allan Houston,275,1993,2005
Dwight Howard,2730,2004,2017
Josh Howard,2572,2003,2013
Juwan Howard,436,1994,2013
Stephen Howard,1128,1992,1998
Lester Hudson,201991,2009,2015
Troy Hudson,1607,1997,2008
Marcelo Huertas,1626273,2015,2017
Josh Huestis,203962,2015,2017
Nate Huffman,1572,2002,2003
Larry Hughes,1716,1998,2012
Rick Hughes,1965,1999,2000
Robbie Hummel,203133,2013,2015
Ryan Humphrey,2415,2002,2005
Kris Humphries,2743,2004,2017
Brandon Hunter,2599,2003,2005
Chris Hunter,201805,2008,2010
Lindsey Hunter,283,1993,2010
Othello Hunter,201629,2008,2010
RJ Hunter,1626154,2015,2017
Steven Hunter,2212,2001,2010
Bobby Hurley,310,1993,1998
Serge Ibaka,201586,2009,2017
Andre Iguodala,2738,2004,2017
Zydrunas Ilgauskas,980,1997,2011
Mile Ilic,101148,2006,2007
Ersan Ilyasova,101141,2006,2017
Joe Ingles,204060,2014,2017
Damien Inglis,203996,2014,2016
Brandon Ingram,1627742,2016,2017
Kyrie Irving,202681,2011,2017
Allen Iverson,947,1996,2010
Royal Ivey,2767,2004,2014
Jarrett Jack,101127,2005,2016
Bobby Jackson,1517,1997,2009
Cedric Jackson,202132,2009,2010
Darnell Jackson,201616,2008,2011
Demetrius Jackson,1627743,2016,2017
Jaren Jackson,1114,1989,2002
Jermaine Jackson,1983,1999,2006
Jim Jackson,754,1992,2006
Luke Jackson,2739,2004,2008
Marc Jackson,1531,2000,2007
Mark Jackson,349,1987,2004
Pierre Jackson,203510,2016,2017
Randell Jackson,1872,1998,2000
Reggie Jackson,202704,2011,2017
Stephen Jackson,1536,2000,2014
Casey Jacobsen,2418,2002,2008
Sam Jacobson,1734,1998,2001
Bernard James,203108,2012,2015
Damion James,202345,2010,2014
Henry James,1080,1990,1998
Jerome James,1744,1998,2009
LeBron James,2544,2003,2017
Mike James,2229,2001,2014
Tim James,1906,1999,2003
Antawn Jamison,1712,1998,2014
Harold Jamison,1942,1999,2003
Marko Jaric,2060,2002,2009
Sarunas Jasikevicius,101180,2005,2007
Nathan Jawai,201605,2008,2010
Chris Jefferies,2423,2002,2004
Othyus Jeffers,201785,2009,2014
Al Jefferson,2744,2004,2017
Cory Jefferson,203928,2014,2016
Dontell Jefferson,200971,2008,2009
Richard Jefferson,2210,2001,2017
Jared Jeffries,2407,2002,2013
Charles Jenkins,202724,2011,2013
Horace Jenkins,2798,2004,2005
John Jenkins,203098,2012,2017
Brandon Jennings,201943,2009,2017
Chris Jent,1137,1993,1997
Jonas Jerebko,201973,2009,2017
Curtis Jerrells,201998,2009,2010
Grant Jerrett,203511,2013,2015
Pooh Jeter,200817,2010,2011
Britton Johnsen,2639,2003,2005
Alexander Johnson,200792,2006,2010
Amir Johnson,101161,2005,2017
Anthony Johnson,1533,1997,2010
Armon Johnson,202356,2010,2012
Avery Johnson,422,1988,2004
Brice Johnson,1627744,2016,2017
Carldell Johnson,201291,2011,2012
Chris Johnson,202419,2010,2013
Chris Johnson(2),203187,2012,2016
DeMarco Johnson,1746,1999,2000
DerMarr Johnson,2035,2000,2008
Eddie Johnson,698,1981,1999
Ervin Johnson,911,1993,2006
Ivan Johnson,201274,2011,2013
JaJuan Johnson,202707,2011,2012
James Johnson,201949,2009,2017
Joe Johnson,2207,2001,2017
Ken Johnson,2256,2002,2003
Kevin Johnson,134,1987,2000
Larry Johnson,913,1991,2001
Linton Johnson,2669,2003,2009
Nick Johnson,203910,2014,2015
Orlando Johnson,203111,2012,2016
Stanley Johnson,1626169,2015,2017
Trey Johnson,201234,2008,2012
Tyler Johnson,204020,2014,2017
Wesley Johnson,202325,2010,2017
Darius Johnson-Odom,203130,2012,2014
Nikola Jokic,203999,2015,2017
Alvin Jones,2264,2001,2003
Bobby Jones,200784,2006,2008
Charles Jones,279,1983,1998
Charles R. Jones,1869,1998,2000
Dahntay Jones,2563,2003,2016
Damian Jones,1627745,2016,2017
Damon Jones,1800,1998,2009
DeQuan Jones,203199,2012,2013
Dominique Jones,202346,2010,2013
Dontae' Jones,963,1997,1998
Dwayne Jones,101204,2005,2013
Eddie Jones,224,1994,2008
Fred Jones,2410,2002,2009
James Jones,2592,2003,2017
Jumaine Jones,1908,1999,2007
Kevin Jones,203158,2012,2013
Mark Jones,2891,1983,2005
Popeye Jones,461,1993,2004
Solomon Jones,200780,2006,2014
Terrence Jones,203093,2012,2017
Tyus Jones,1626145,2015,2017
Perry Jones III,203103,2012,2015
"Derrick Jones, Jr.",1627884,2016,2017
Adonis Jordan,1817,1993,1999
DeAndre Jordan,201599,2008,2017
Jerome Jordan,202366,2011,2015
Michael Jordan,893,1984,2003
Reggie Jordan,674,1993,2000
Cory Joseph,202709,2011,2017
Garth Joseph,2123,2000,2001
Kris Joseph,203126,2012,2013
Chris Kaman,2549,2003,2016
Frank Kaminsky,1626163,2015,2017
Enes Kanter,202683,2011,2017
Jason Kapono,2574,2003,2012
Sergey Karasev,203508,2013,2016
Coby Karl,201207,2007,2010
Mario Kasun,2435,2004,2006
Sasha Kaun,201619,2015,2016
Adam Keefe,228,1992,2001
Ryan Kelly,203527,2013,2017
Shawn Kemp,431,1989,2003
Tim Kempton,1118,1986,1998
D.J. Kennedy,202810,2011,2012
Jonathan Kerner,1801,1998,2003
Steve Kerr,70,1988,2003
Jerome Kersey,760,1984,2001
Lari Ketner,1930,1999,2001
Viktor Khryapa,2751,2004,2008
Jason Kidd,467,1994,2013
Michael Kidd-Gilchrist,203077,2012,2017
Sean Kilpatrick,203930,2014,2017
Chris King,12,1993,1999
Frankie King,701,1995,1997
Gerard King,1562,1998,2001
Jimmy King,728,1995,1997
Stacey King,351,1989,1997
Tarence Kinsey,200814,2006,2009
Andrei Kirilenko,1905,2001,2015
Alex Kirk,203945,2014,2015
Kerry Kittles,954,1996,2005
Joe Kleine,170,1985,2000
Linas Kleiza,101132,2005,2013
Brandin Knight,2688,2004,2005
Brandon Knight,202688,2011,2017
Brevin Knight,1510,1997,2009
Negele Knight,1861,1990,1999
Travis Knight,969,1996,2003
Yaroslav Korolev,101117,2005,2007
Kyle Korver,2594,2003,2017
Kosta Koufos,201585,2008,2017
Viacheslav Kravtsov,203139,2012,2014
Nenad Krstic,2420,2004,2011
Larry Krystkowiak,1474,1986,1997
Toni Kukoc,389,1993,2006
Rob Kurz,201633,2008,2010
Ibrahim Kutluay,2825,2004,2005
Ognjen Kuzmic,203136,2013,2015
Mindaugas Kuzminskas,1627851,2016,2017
Raef LaFrentz,1711,1998,2009
Rusty LaRue,1601,1997,2004
Zach LaVine,203897,2014,2017
Skal Labissiere,1627746,2016,2017
Christian Laettner,363,1992,2005
Oliver Lafayette,201802,2009,2010
Doron Lamb,203117,2012,2014
Jeremy Lamb,203087,2012,2017
Maciej Lampe,2573,2003,2006
Sean Lampley,2253,2002,2004
Carl Landry,201171,2007,2016
Marcus Landry,202068,2009,2010
Andrew Lang,457,1988,2000
Antonio Lang,226,1994,2000
James Lang,2591,2006,2007
Trajan Langdon,1892,1999,2002
Keith Langford,101247,2007,2008
Dan Langhi,2061,2000,2004
Nicolas Laprovittola,1627879,2016,2017
Shane Larkin,203499,2013,2016
Stephane Lasme,201186,2007,2008
Priest Lauderdale,968,1996,1998
Joffrey Lauvergne,203530,2014,2017
Acie Law,201151,2007,2011
Gani Lawal,202371,2010,2011
Jason Lawson,1535,1997,2003
Ty Lawson,201951,2009,2017
Jake Layman,1627774,2016,2017
Caris LeVert,1627747,2016,2017
Eric Leckner,287,1988,1997
Ricky Ledo,203495,2013,2015
Courtney Lee,201584,2008,2017
David Lee,101135,2005,2017
Malcolm Lee,202723,2011,2015
Tim Legler,100,1989,2000
Alex Len,203458,2013,2017
Voshon Lenard,702,1995,2006
Kawhi Leonard,202695,2011,2017
Meyers Leonard,203086,2012,2017
Travis Leslie,202727,2011,2012
Jon Leuer,202720,2011,2017
Martin Lewis,729,1995,1997
Quincy Lewis,1900,1999,2004
Rashard Lewis,1740,1998,2014
DeAndre Liggins,202732,2011,2017
Damian Lillard,203081,2012,2017
Jeremy Lin,202391,2010,2017
Alton Lister,175,1981,1998
Randy Livingston,988,1996,2007
Shaun Livingston,2733,2004,2017
Horacio Llamas,1024,1996,2003
Brad Lohaus,38,1987,1998
Art Long,1609,2000,2003
Grant Long,3,1988,2003
John Long,1381,1978,1997
Luc Longley,26,1991,2001
Kevon Looney,1626172,2015,2017
Brook Lopez,201572,2008,2017
Felipe Lopez,1732,1998,2003
Raul Lopez,2221,2002,2005
Robin Lopez,201577,2008,2017
Kevin Love,201567,2008,2017
Kyle Lowry,200768,2006,2017
Kalin Lucas,203564,2014,2015
John Lucas III,101249,2005,2017
Tyronn Lue,1731,1998,2009
Timothe Luwawu-Cabarrot,1627789,2016,2017
Trey Lyles,1626168,2015,2017
George Lynch,248,1993,2005
Todd MacCulloch,1928,1999,2004
Don MacLean,931,1992,2001
Scott Machado,203159,2012,2013
Arvydas Macijauskas,101178,2005,2006
Sam Mack,694,1992,2002
Shelvin Mack,202714,2011,2017
Vernon Macklin,202731,2011,2012
Mark Macon,1855,1991,1999
Tito Maddox,2432,2002,2003
Gerald Madkins,1666,1993,1998
Mark Madsen,2058,2000,2009
Corey Maggette,1894,1999,2013
Jamaal Magloire,2048,2000,2012
Ian Mahinmi,101133,2007,2017
Rick Mahorn,328,1980,1999
Dan Majerle,105,1988,2002
Renaldo Major,200970,2006,2007
Thon Maker,1627748,2016,2017
Karl Malone,252,1985,2004
Matt Maloney,1074,1996,2003
Marcus Mann,986,1996,1998
Danny Manning,330,1988,2003
Richard Manning,316,1995,1997
Devyn Marble,203906,2014,2016
Stephon Marbury,950,1996,2009
Sarunas Marciulionis,36,1989,1997
Shawn Marion,1890,1999,2015
Boban Marjanovic,1626246,2015,2017
Damir Markota,200806,2006,2007
Sean Marks,1752,1998,2011
Donny Marshall,681,1995,2003
Donyell Marshall,923,1994,2009
Kendall Marshall,203088,2012,2016
Rawle Marshall,101185,2005,2007
Cartier Martin,201858,2008,2015
Cuonzo Martin,733,1995,1997
Darrick Martin,239,1994,2008
Jarell Martin,1626185,2015,2017
Kenyon Martin,2030,2000,2015
Kevin Martin,2755,2004,2016
Jamal Mashburn,469,1993,2004
Anthony Mason,193,1989,2003
Desmond Mason,2046,2000,2010
Roger Mason Jr.,2427,2002,2014
Tony Massenburg,763,1990,2005
Wesley Matthews,202083,2009,2017
Jason Maxiell,101131,2005,2015
Vernon Maxwell,137,1988,2001
Sean May,101118,2005,2010
Lee Mayberry,195,1992,1999
Eric Maynor,201953,2009,2014
O.J. Mayo,201564,2008,2016
Luc Mbah a Moute,201601,2008,2017
DJ Mbenga,2788,2004,2011
James Michael McAdoo,203949,2014,2017
Ray McCallum,203492,2013,2017
Bob McCann,737,1989,1998
Rashad McCants,101119,2005,2009
Kelly McCarty,1820,1998,1999
Walter McCarty,962,1996,2006
Amal McCaskill,1043,1996,2004
Patrick McCaw,1627775,2016,2017
Sheldon McClellan,1627815,2016,2017
Dan McClintock,2082,2000,2001
George McCloud,45,1989,2003
CJ McCollum,203468,2013,2017
T.J. McConnell,204456,2015,2017
Jelani McCoy,1741,1998,2008
Chris McCray,200840,2006,2007
Chris McCullough,1626191,2015,2017
Xavier McDaniel,1365,1985,1998
KJ McDaniels,203909,2014,2017
Doug McDermott,203926,2014,2017
Michael McDonald,1075,1997,1998
Antonio McDyess,686,1995,2011
Ivan McFarlin,200829,2006,2007
Mitch McGary,203956,2014,2016
JaVale McGee,201580,2008,2017
Tracy McGrady,1503,1997,2013
Rodney McGruder,203585,2016,2017
Dominic McGuire,201187,2007,2013
Jim McIlvaine,29,1994,2001
Jeff McInnis,976,1996,2008
Derrick McKey,365,1987,2002
Aaron McKie,243,1994,2007
Ben McLemore,203463,2013,2017
Keith McLeod,2693,2003,2007
Roshown McLeod,1728,1998,2001
Nate McMillan,203,1986,1998
Jerel McNeal,202077,2012,2015
Paul McPherson,2101,2000,2001
Jordan McRae,203895,2015,2017
Josh McRoberts,201177,2007,2017
Slava Medvedenko,2098,2000,2007
Jodie Meeks,201975,2009,2017
Salah Mejri,1626257,2015,2017
Gal Mekel,203539,2013,2015
Fab Melo,203097,2012,2013
Pops Mensah-Bonsu,200822,2006,2011
Ron Mercer,1500,1997,2005
Loren Meyer,684,1995,1999
Jordan Mickey,1626175,2015,2017
Khris Middleton,203114,2012,2017
Chris Mihm,2036,2000,2009
Aaron Miles,101223,2005,2006
CJ Miles,101139,2005,2017
Darius Miles,2032,2000,2009
Marko Milic,1527,1997,1999
Darko Milicic,2545,2003,2013
Andre Miller,1889,1999,2016
Anthony Miller,292,1994,2005
Brad Miller,1802,1998,2012
Darius Miller,203121,2012,2015
Mike Miller,2034,2000,2017
Oliver Miller,932,1992,2004
Quincy Miller,203113,2012,2015
Reggie Miller,397,1987,2005
Chris Mills,168,1993,2003
Patty Mills,201988,2009,2017
Terry Mills,371,1990,2001
Elijah Millsap,202407,2014,2016
Paul Millsap,200794,2006,2017
Greg Minor,65,1994,1999
Nikola Mirotic,202703,2014,2017
Jason Miskiri,1954,1999,2000
Sam Mitchell,417,1989,2002
Tony Mitchell,203183,2013,2014
Tony Mitchell(2),203502,2013,2014
Cuttino Mobley,1749,1998,2009
Eric Mobley,211,1994,1997
Nazr Mohammed,1737,1998,2016
Jerome Moiso,2040,2000,2005
Sergei Monia,2752,2005,2006
Greg Monroe,202328,2010,2017
Luis Montero,1626242,2015,2016
Eric Montross,376,1994,2003
Jamario Moon,200081,2007,2012
E'Twaun Moore,202734,2011,2017
Mikki Moore,1630,1998,2012
Tracy Moore,929,1991,1997
Eric Moreland,203961,2014,2016
Chris Morris,356,1988,1999
Darius Morris,202721,2011,2015
Marcus Morris,202694,2011,2017
Markieff Morris,202693,2011,2017
Randolph Morris,201043,2006,2010
Terence Morris,2242,2001,2006
Adam Morrison,200747,2006,2010
Anthony Morrow,201627,2008,2017
Lawrence Moten,734,1995,1998
Donatas Motiejunas,202700,2012,2017
Hanno Mottola,2069,2000,2002
Arnett Moultrie,203102,2012,2014
Alonzo Mourning,297,1992,2008
Timofey Mozgov,202389,2010,2017
Emmanuel Mudiay,1626144,2015,2017
Shabazz Muhammad,203498,2013,2017
Byron Mullens,201957,2009,2014
Chris Mullin,904,1985,2001
Xavier Munford,204098,2015,2016
Eric Murdock,785,1991,2000
Gheorghe Muresan,49,1993,2000
Erik Murphy,203513,2013,2014
Kevin Murphy,203122,2012,2013
Troy Murphy,2211,2001,2013
Dejounte Murray,1627749,2016,2017
Jamal Murray,1627750,2016,2017
Lamond Murray,441,1994,2006
Ronald Murray,2436,2002,2010
Tracy Murray,145,1992,2004
Toure' Murry,203315,2013,2015
Mike Muscala,203488,2013,2017
Dikembe Mutombo,87,1991,2009
Martin Muursepp,982,1996,1998
Pete Myers,939,1986,1998
Makhtar N'Diaye,1823,1998,1999
Boniface N'Dong,101238,2005,2006
Mamadou N'diaye,2055,2000,2005
Bostjan Nachbar,2411,2002,2008
Lee Nailon,1924,2000,2006
Eduardo Najera,2059,2000,2012
Larry Nance Jr.,1626204,2015,2017
Shabazz Napier,203894,2014,2017
Steve Nash,959,1996,2014
Juan Carlos Navarro,2434,2007,2008
Hamady Ndiaye,202380,2010,2014
Maurice Ndour,1626254,2016,2017
Gary Neal,202390,2010,2017
Nemanja Nedovic,203517,2013,2014
DeMarcus Nelson,201634,2008,2009
Jameer Nelson,2749,2004,2017
Ruben Nembhard,1129,1996,1997
Tyrone Nesby,1838,1998,2002
Rasho Nesterovic,1725,1998,2010
Raul Neto,203526,2015,2017
Ivano Newbill,1096,1994,1998
Ira Newble,1956,2000,2008
Johnny Newman,271,1986,2002
Georges Niang,1627777,2016,2017
Demetris Nichols,201193,2007,2009
Andrew Nicholson,203094,2012,2017
Gaylon Nickerson,1093,1996,1997
Joakim Noah,201149,2007,2017
Andres Nocioni,2804,2004,2012
David Noel,200786,2006,2007
Nerlens Noel,203457,2013,2017
Lucas Nogueira,203512,2014,2017
Jeff Nordgaard,999,1997,1998
Ken Norman,80,1987,1997
Moochie Norris,983,1996,2006
Steve Novak,200779,2006,2017
Dirk Nowitzki,1717,1998,2017
James Nunnally,203263,2013,2014
Jusuf Nurkic,203994,2014,2017
Charles O'Bannon,1525,1997,1999
Ed O'Bannon,709,1995,1997
JJ O'Brien,1626266,2015,2016
Patrick O'Bryant,200753,2006,2010
Johnny O'Bryant III,203948,2014,2017
Jermaine O'Neal,979,1996,2014
Shaquille O'Neal,406,1992,2011
Kyle O'Quinn,203124,2012,2017
Charles Oakley,891,1985,2004
Fabricio Oberto,101177,2005,2011
Daniel Ochefu,1627849,2016,2017
Greg Oden,201141,2007,2014
Lamar Odom,1885,1999,2014
Tim Ohlbrecht,203317,2012,2013
Emeka Okafor,2731,2004,2014
Jahlil Okafor,1626143,2015,2017
Mehmet Okur,2246,2002,2012
Victor Oladipo,203506,2013,2017
Hakeem Olajuwon,165,1984,2003
Brian Oliver,1680,1990,1998
Dean Oliver,2352,2001,2003
Jimmy Oliver,1429,1991,1999
Kevin Ollie,1563,1997,2010
Michael Olowokandi,1709,1998,2007
Kelly Olynyk,203482,2013,2017
Arinze Onuaku,202620,2013,2017
Chinanu Onuaku,1627778,2016,2017
Daniel Orton,202350,2010,2014
Greg Ostertag,731,1995,2006
Kelly Oubre Jr.,1626162,2015,2017
Bo Outlaw,448,1993,2008
Travis Outlaw,2566,2003,2014
Doug Overton,77,1992,2004
Andre Owens,101261,2005,2008
Billy Owens,182,1991,2003
Chris Owens,2442,2002,2003
Larry Owens,202082,2010,2012
Ray Owes,1077,1996,1997
Olumide Oyedeji,2071,2000,2003
Zaza Pachulia,2585,2003,2017
Robert Pack,123,1991,2004
Scott Padgett,1909,1999,2007
Milt Palacio,1960,1999,2006
Andy Panko,1950,2000,2001
Georgios Papagiannis,1627834,2016,2017
Kostas Papanikolaou,203123,2014,2016
Jannero Pargo,2457,2002,2015
Jeremy Pargo,202951,2011,2013
Robert Parish,305,1976,1997
Anthony Parker,1515,1997,2012
Jabari Parker,203953,2014,2017
Smush Parker,2470,2002,2008
Tony Parker,2225,2001,2017
Cherokee Parks,685,1995,2004
Chandler Parsons,202718,2011,2017
Andrae Patterson,1754,1998,2000
Lamar Patterson,203934,2015,2017
Patrick Patterson,202335,2010,2017
Ruben Patterson,1739,1998,2008
Chris Paul,101108,2005,2017
Sasha Pavlovic,2562,2003,2013
Adreian Payne,203940,2014,2017
Cameron Payne,1626166,2015,2017
Elfrid Payton,203901,2014,2017
Gary Payton,56,1990,2007
Oleksiy Pecherov,200762,2007,2010
Anthony Peeler,324,1992,2005
Nikola Pekovic,201593,2010,2017
Mike Penberthy,2130,2000,2002
Desmond Penigar,2667,2003,2004
Kirk Penney,2632,2003,2005
Will Perdue,781,1988,2001
Kendrick Perkins,2570,2003,2016
Sam Perkins,64,1984,2001
Kosta Perovic,200785,2007,2008
Elliot Perry,386,1991,2002
Chuck Person,456,1986,2000
Wesley Person,445,1994,2005
Morris Peterson,2050,2000,2011
Johan Petro,101130,2005,2013
Bobby Phills,184,1991,2000
Eric Piatkowski,15,1994,2008
Paul Pierce,1718,1998,2017
Ricky Pierce,894,1982,1998
Mickael Pietrus,2554,2003,2013
Ed Pinckney,291,1985,1997
Kevinn Pinkney,200838,2006,2007
Scottie Pippen,937,1987,2004
Dexter Pittman,202354,2010,2014
Zoran Planinic,2565,2003,2006
Tibor Pleiss,202353,2015,2016
Marshall Plumlee,1627850,2016,2017
Mason Plumlee,203486,2013,2017
Miles Plumlee,203101,2012,2017
Pavel Podkolzin,2750,2004,2006
Jakob Poeltl,1627751,2016,2017
Scot Pollard,1513,1997,2008
Olden Polynice,178,1987,2004
Quincy Pondexter,202347,2010,2017
Mark Pope,998,1997,2005
Chris Porter,2084,2000,2001
Otto Porter,203490,2013,2017
Terry Porter,345,1985,2002
Bobby Portis,1626171,2015,2017
Kristaps Porzingis,204001,2015,2017
James Posey,1899,1999,2011
Lavor Postell,2068,2000,2003
Vitaly Potapenko,958,1996,2007
Leon Powe,200796,2006,2011
Dwight Powell,203939,2014,2017
Josh Powell,2694,2005,2014
Kasib Powell,2867,2007,2008
Norman Powell,1626181,2015,2017
Roger Powell,101232,2006,2007
Phil Pressey,203515,2013,2016
A.J. Price,201985,2009,2015
Brent Price,85,1992,2003
Mark Price,899,1986,1998
Ronnie Price,101179,2005,2017
Pablo Prigioni,203143,2012,2016
Taurean Prince,1627752,2016,2017
Tayshaun Prince,2419,2002,2016
Laron Profit,1919,1999,2006
Gabe Pruitt,201172,2007,2009
Joel Przybilla,2038,2000,2013
Tim Quarterman,1627817,2016,2017
Chris Quinn,200809,2006,2013
Dino Radja,129,1993,1997
Vladimir Radmanovic,2209,2001,2013
Aleksandar Radojevic,1893,1999,2005
Miroslav Raduljica,203545,2013,2015
Igor Rakocevic,2080,2002,2003
Peter Ramos,2762,2004,2005
Chasson Randle,1626184,2016,2017
Julius Randle,203944,2014,2017
Anthony Randolph,201576,2008,2014
Shavlik Randolph,101183,2005,2015
Zach Randolph,2216,2001,2017
Theo Ratliff,689,1995,2011
Andy Rautins,202360,2010,2011
Allan Ray,200810,2006,2007
Zeljko Rebraca,1442,2001,2006
Eldridge Recasner,695,1994,2002
Michael Redd,2072,2000,2012
JJ Redick,200755,2006,2017
Justin Reed,2770,2004,2007
Willie Reed,203186,2012,2017
Bryant Reeves,735,1995,2001
Khalid Reeves,234,1994,2000
Don Reid,690,1995,2003
J.R. Reid,462,1989,2001
Ryan Reid,202385,2011,2012
Jared Reiner,2876,2004,2007
Efthimios Rentzias,981,2002,2003
Shawn Respert,704,1995,1999
Rodrick Rhodes,1518,1997,2000
Glen Rice,779,1989,2004
Glen Rice(2),203318,2013,2015
Chris Richard,201181,2007,2010
Jason Richardson,2202,2001,2015
Jeremy Richardson,200978,2006,2009
Josh Richardson,1626196,2015,2017
Malachi Richardson,1627781,2016,2017
Norman Richardson,2369,2001,2002
Pooh Richardson,71,1989,1999
Quentin Richardson,2047,2000,2013
Mitch Richmond,782,1988,2002
Isaiah Rider,375,1993,2002
Luke Ridnour,2557,2003,2015
Antoine Rigaudeau,2541,2002,2003
Eric Riley,35,1993,1999
Austin Rivers,203085,2012,2017
Andre Roberson,203460,2013,2017
Anthony Roberson,101194,2005,2009
Terrance Roberson,2121,2000,2001
Brian Roberts,203148,2012,2017
Fred Roberts,122,1983,1997
Lawrence Roberts,101160,2005,2007
Stanley Roberts,914,1991,2000
Ryan Robertson,1926,1999,2000
Bernard Robinson,2774,2004,2007
Chris Robinson,997,1996,1998
Clifford Robinson,361,1989,2007
David Robinson,764,1989,2003
Eddie Robinson,1944,1999,2004
Glenn Robinson,299,1994,2005
Jamal Robinson,1554,2000,2001
James Robinson,381,1993,2001
Larry Robinson,1683,1990,2002
Nate Robinson,101126,2005,2016
Rumeal Robinson,716,1990,1997
Thomas Robinson,203080,2012,2017
Glenn Robinson III,203922,2014,2017
Dennis Rodman,23,1986,2000
Sergio Rodriguez,200771,2006,2017
Lou Roe,691,1995,1997
Carlos Rogers,435,1994,2002
Rodney Rogers,915,1993,2005
Roy Rogers,964,1996,2000
Magnum Rolle,202375,2010,2011
Rajon Rondo,200765,2006,2017
Sean Rooks,399,1992,2004
Derrick Rose,201565,2008,2017
Jalen Rose,147,1994,2007
Malik Rose,990,1996,2009
Quinton Ross,2624,2004,2011
Terrence Ross,203082,2012,2017
Brandon Roy,200750,2006,2013
Donald Royal,140,1989,1998
Clifford Rozier,32,1994,1998
Terry Rozier,1626179,2015,2017
Ricky Rubio,201937,2011,2017
Guy Rucker,2462,2002,2003
Damjan Rudez,204014,2014,2017
Michael Ruffin,1913,1999,2009
Brandon Rush,201575,2008,2017
Kareem Rush,2416,2002,2010
Bryon Russell,935,1993,2006
D'Angelo Russell,1626156,2015,2017
Walker Russell,201041,2011,2012
Arvydas Sabonis,717,1995,2003
Domantas Sabonis,1627734,2016,2017
Robert Sacre,203135,2012,2016
John Salley,927,1986,2000
John Salmons,2422,2002,2015
Kevin Salvadori,1089,1996,1998
Soumaila Samake,2066,2000,2003
Cheikh Samb,200798,2007,2009
JaKarr Sampson,203960,2014,2016
Jamal Sampson,2441,2002,2007
Samardo Samuels,202396,2010,2013
Juan Sanchez,2143,2000,2003
Larry Sanders,202336,2010,2015
Melvin Sanders,2684,2005,2006
Daniel Santiago,2091,2000,2005
Dario Saric,203967,2016,2017
Jason Sasser,987,1996,2003
Jeryl Sasser,2219,2001,2003
Tomas Satoransky,203107,2016,2017
Kenny Satterfield,2261,2001,2003
Predrag Savovic,2453,2002,2003
Brian Scalabrine,2243,2001,2012
Alex Scales,2637,2005,2006
Dan Schayes,7,1981,1999
Steve Scheffler,88,1990,1997
Luke Schenscher,101195,2005,2007
Dwayne Schintzius,368,1990,1999
Detlef Schrempf,96,1985,2001
Dennis Schroder,203471,2013,2017
Luis Scola,2449,2007,2017
Brent Scott,1064,1996,1997
Byron Scott,2,1983,1997
Dennis Scott,192,1990,2000
James Scott,1109,1996,1997
Mike Scott,203118,2012,2017
Shawnelle Scott,1035,1996,2002
Shea Seals,1578,1997,1998
Malik Sealy,907,1992,2000
Thabo Sefolosha,200757,2006,2017
Rony Seikaly,938,1988,1999
Josh Selby,202729,2011,2013
Mouhamed Sene,200754,2006,2009
Kevin Seraphin,202338,2010,2017
Ansu Sesay,1738,2001,2005
Ramon Sessions,201196,2007,2017
Ha Seung-Jin,2775,2004,2006
Charles Shackleford,1593,1988,1999
Mustafa Shakur,201203,2009,2014
God Shammgod,1539,1997,1998
Walter Sharpe,201594,2008,2009
Brian Shaw,216,1988,2003
Casey Shaw,1745,1998,2003
Tornike Shengelia,203129,2012,2014
Jeff Sheppard,1852,1998,1999
Paul Shirley,2321,2002,2005
Iman Shumpert,202697,2011,2017
Alexey Shved,203144,2012,2015
Pascal Siakam,1627783,2016,2017
Xavier Silas,202918,2011,2012
Garret Siler,202081,2010,2011
Wayne Simien,101134,2005,2007
Ben Simmons,1627732,2016,2017
Bobby Simmons,2250,2001,2012
Cedric Simmons,200759,2006,2009
Jonathon Simmons,203613,2015,2017
Lionel Simmons,1489,1990,1997
Miles Simon,1750,1998,2003
Dickey Simpkins,54,1994,2002
Diamon Simpson,202067,2011,2012
Alvin Sims,1591,1998,1999
Courtney Sims,201235,2007,2009
Henry Sims,203156,2012,2016
Kyle Singler,202713,2012,2017
Sean Singletary,201606,2008,2009
Chris Singleton,202698,2011,2014
James Singleton,101189,2005,2012
Peyton Siva,203491,2013,2014
Brian Skinner,1730,1998,2012
Reggie Slater,1073,1994,2003
Tamar Slay,2447,2002,2005
Donald Sloan,202388,2011,2016
Uros Slokar,101166,2006,2007
Marcus Smart,203935,2014,2017
Charles Smith,293,1988,1997
Charles Smith(2),1520,1997,2006
Chris Smith,203147,2013,2014
Craig Smith,200783,2006,2012
Donta Smith,2764,2004,2006
Greg Smith,202962,2011,2016
Ish Smith,202397,2010,2017
JR Smith,2747,2004,2017
Jabari Smith,2074,2000,2005
Jason Smith,201160,2007,2017
Jerry Smith,202536,2011,2012
Joe Smith,693,1995,2011
Josh Smith,2746,2004,2016
Kenny Smith,181,1987,1997
Leon Smith,1910,2001,2004
Michael Smith,63,1994,2001
Mike Smith,2065,2000,2001
Nolan Smith,202701,2011,2013
Russ Smith,203893,2014,2016
Steven Smith,120,1991,2005
Steven Smith(2),200848,2006,2007
Stevin Smith,1478,1996,1997
Theron Smith,2604,2003,2005
Tony Smith,380,1990,2001
Rik Smits,22,1988,2000
Tony Snell,203503,2013,2017
Eric Snow,727,1995,2008
Kirk Snyder,2745,2004,2008
Will Solomon,2226,2001,2009
Darius Songaila,2443,2003,2011
James Southerland,203480,2013,2014
Pape Sow,2776,2004,2007
Vassilis Spanoulis,2779,2006,2007
Marreese Speights,201578,2008,2017
Elmore Spencer,771,1992,1997
Felton Spencer,280,1990,2002
Tiago Splitter,201168,2010,2017
Latrell Sprewell,84,1992,2005
Ryan Stack,1756,1998,2000
Jerry Stackhouse,711,1995,2013
John Starks,317,1988,2002
Nik Stauskas,203917,2014,2017
Matt Steigenga,1099,1996,1997
Vladimir Stepania,1735,1998,2004
DJ Stephens,203474,2013,2014
Joe Stephens,1086,1996,2000
Lance Stephenson,202362,2010,2017
Alex Stepheson,1627293,2015,2016
DeShawn Stevenson,2052,2000,2013
Kebu Stewart,1529,1997,1998
Larry Stewart,1125,1991,1997
Michael Stewart,1565,1997,2005
Greg Stiemsma,201880,2009,2015
Bryant Stith,179,1992,2003
David Stockton,204065,2014,2015
John Stockton,304,1984,2003
Peja Stojakovic,978,1998,2011
Ed Stokes,1055,1997,1998
Jarnell Stokes,203950,2014,2017
Diamond Stone,1627754,2016,2017
Julyan Stone,202933,2011,2014
Awvee Storey,2852,2004,2008
Damon Stoudamire,757,1995,2008
Salim Stoudamire,101136,2005,2009
Amar'e Stoudemire,2405,2002,2016
DJ Strawberry,201199,2007,2008
Erick Strickland,1065,1996,2005
Mark Strickland,1110,1994,2003
Rod Strickland,393,1988,2005
Derek Strong,400,1991,2001
Rodney Stuckey,201155,2007,2017
Jared Sullinger,203096,2012,2017
DaJuan Summers,201969,2009,2013
Bruno Sundov,1743,1998,2005
Bob Sura,682,1995,2007
Michael Sweetney,2552,2003,2007
Robert Swift,2741,2004,2009
Stromile Swift,2031,2000,2009
Pape Sy,202377,2010,2011
Brett Szabo,1136,1996,1997
Wally Szczerbiak,1887,1999,2009
Zan Tabak,440,1994,2001
Yuta Tabuse,2657,2004,2005
Chris Taft,101147,2005,2006
Dragan Tarlac,1434,2000,2001
Edy Tavares,204002,2015,2017
Donell Taylor,101182,2005,2007
Jeff Taylor,203106,2012,2015
Jermaine Taylor,201966,2009,2011
Johnny Taylor,1511,1997,2000
Maurice Taylor,1508,1997,2007
Mike Taylor,201446,2008,2009
Tyshawn Taylor,203116,2012,2014
Jeff Teague,201952,2009,2017
Marquis Teague,203104,2012,2014
Mirza Teletovic,203141,2012,2017
Sebastian Telfair,2742,2004,2015
Garrett Temple,202066,2009,2017
Jason Terry,1891,1999,2017
Hasheem Thabeet,201934,2009,2014
Adonis Thomas,203519,2013,2014
Billy Thomas,2873,2004,2008
Carl Thomas,1063,1991,1998
Etan Thomas,2041,2001,2011
Isaiah Thomas,202738,2011,2017
Jamel Thomas,1975,1999,2001
James Thomas,2839,2004,2006
John Thomas,1519,1997,2006
Kenny Thomas,1903,1999,2010
Kurt Thomas,703,1995,2013
Lance Thomas,202498,2011,2017
Malcolm Thomas,202952,2011,2015
Tim Thomas,1501,1997,2010
Tyrus Thomas,200748,2006,2015
Trey Thompkins,202717,2011,2012
Brooks Thompson,240,1994,1998
Dijon Thompson,101159,2005,2007
Hollis Thompson,203138,2013,2017
Jason Thompson,201574,2008,2016
Klay Thompson,202691,2011,2017
LaSalle Thompson,78,1982,1997
Mychel Thompson,202814,2011,2012
Tristan Thompson,202684,2011,2017
Al Thornton,201154,2007,2011
Marcus Thornton,201977,2009,2017
Otis Thorpe,901,1984,2001
Sedale Threatt,9,1983,1997
Jamaal Tinsley,2224,2001,2014
Wayman Tisdale,47,1985,1997
Mike Tobey,1627861,2016,2017
Anthony Tolliver,201229,2008,2017
Oscar Torres,2351,2001,2003
Axel Toupane,1626253,2015,2016
Keith Tower,700,1993,1997
Karl-Anthony Towns,1626157,2015,2017
Robert Traylor,1714,1998,2005
Gary Trent,718,1995,2004
Jeff Trepagnier,2244,2001,2004
Cezary Trybanski,2456,2002,2004
Jake Tsakalidis,2054,2000,2007
Nikoloz Tskitishvili,2401,2002,2006
Alando Tucker,201169,2007,2010
PJ Tucker,200782,2006,2017
Ronny Turiaf,101142,2005,2015
Mirsad Turkcan,1726,1999,2000
Hedo Turkoglu,2045,2000,2015
Evan Turner,202323,2010,2017
Myles Turner,1626167,2015,2017
Wayne Turner,1943,1999,2000
Jeremy Tyler,202719,2011,2014
Edwin Ubiles,202775,2011,2012
Ekpe Udoh,202327,2010,2015
Ime Udoka,2137,2003,2011
Beno Udrih,2757,2004,2017
Roko Leni Ukic,101146,2008,2010
Tyler Ulis,1627755,2016,2017
Ben Uzoh,202386,2010,2012
Robert Vaden,201987,2010,2011
Jonas Valanciunas,202685,2012,2017
Denzel Valentine,1627756,2016,2017
Nick Van Exel,89,1993,2006
Keith Van Horn,1496,1997,2006
Fred VanVleet,1627832,2016,2017
David Vanterpool,2128,2000,2001
Ratko Varda,2237,2001,2003
Anderson Varejao,2760,2004,2017
Jarvis Varnado,202363,2012,2014
Greivis Vasquez,202349,2010,2017
David Vaughn,710,1995,1999
Jacque Vaughn,1521,1997,2009
Rashad Vaughn,1626173,2015,2017
Loy Vaught,919,1990,2001
Jan Vesely,202686,2011,2014
Charlie Villanueva,101111,2005,2016
Marcus Vinicius,200790,2006,2008
Fred Vinson,1844,1994,2000
Noah Vonleh,203943,2014,2017
Jake Voskuhl,2063,2000,2009
Slavko Vranes,2582,2003,2004
Stojko Vrankovic,1037,1990,1999
Jackson Vroman,2761,2004,2006
Nikola Vucevic,202696,2011,2017
Sasha Vujacic,2756,2004,2017
Dwyane Wade,2548,2003,2017
Von Wafer,101144,2005,2012
Dajuan Wagner,2402,2002,2007
Dion Waiters,203079,2012,2017
Antoine Walker,952,1996,2008
Henry Walker,201611,2008,2015
Kemba Walker,202689,2011,2017
Samaki Walker,955,1996,2006
John Wall,202322,2010,2017
Ben Wallace,1112,1996,2012
Gerald Wallace,2222,2001,2015
John Wallace,961,1996,2004
Rasheed Wallace,739,1995,2013
Matt Walsh,101190,2005,2006
Rex Walters,777,1993,2000
Luke Walton,2575,2003,2013
Charlie Ward,369,1994,2005
Casper Ware,203810,2013,2014
TJ Warren,203933,2014,2017
Willie Warren,202378,2010,2011
Hakim Warrick,101124,2005,2013
Darius Washington,200827,2007,2008
Eric Washington,1540,1997,1999
Darryl Watkins,201208,2007,2012
CJ Watson,201228,2007,2017
Earl Watson,2248,2001,2014
Jamie Watson,320,1994,1999
Maalik Wayns,203146,2012,2014
David Wear,204033,2014,2015
Travis Wear,204037,2014,2015
Clar. Weatherspoon,221,1992,2005
Kyle Weaver,201602,2008,2011
Spud Webb,892,1985,1998
Chris Webber,185,1993,2008
Briante Weber,1627362,2015,2017
Martell Webster,101110,2005,2015
Sonny Weems,201603,2008,2016
Bonzi Wells,1719,1998,2008
Bubba Wells,1528,1997,1998
Jiri Welsch,2412,2002,2006
Bill Wennington,82,1985,2000
Robert Werdann,438,1992,1997
David Wesley,133,1993,2007
David West,2561,2003,2017
Delonte West,2753,2004,2012
Doug West,28,1989,2001
Mario West,201238,2007,2011
Mark West,770,1983,2000
Russell Westbrook,201566,2008,2017
Robert Whaley,101156,2005,2006
Ennis Whatley,941,1983,1997
DeJuan Wheat,1545,1997,1999
Tyson Wheeler,1755,1998,1999
DJ White,201591,2008,2014
Jahidi White,1751,1998,2005
James White,200778,2006,2013
Okaro White,1627855,2016,2017
Rodney White,2206,2001,2005
Royce White,203091,2012,2014
Terrico White,202358,2010,2011
Isaiah Whitehead,1627785,2016,2017
Donald Whiteside,1126,1996,1998
Hassan Whiteside,202355,2010,2017
Chris Whitney,43,1993,2004
Shayne Whittington,203963,2014,2016
Andrew Wiggins,203952,2014,2017
CJ Wilcox,203912,2014,2017
Chris Wilcox,2404,2002,2013
Damien Wilkins,2863,2004,2013
Dominique Wilkins,1122,1982,1999
Gerald Wilkins,786,1985,1999
Mike Wilks,2366,2002,2010
Aaron Williams,1425,1993,2008
Alan Williams,1626210,2015,2017
Alvin Williams,1541,1997,2007
Brandon Williams,1585,1997,2003
Buck Williams,433,1981,1998
Deron Williams,101114,2005,2017
Derrick Williams,202682,2011,2017
Elliot Williams,202343,2010,2016
Eric Williams,677,1995,2007
Frank Williams,2421,2002,2005
Herb Williams,1006,1981,1999
Hot Rod Williams,73,1986,1999
Jason Williams,1715,1998,2011
Jawad Williams,101214,2008,2011
Jay Williams,2398,2002,2003
Jayson Williams,420,1990,1999
Jerome Williams,966,1996,2005
Jordan Williams,202716,2011,2012
Justin Williams,200818,2006,2008
Lorenzo Williams,31,1992,2000
Lou Williams,101150,2005,2017
Marcus Williams,200766,2006,2010
Marcus Williams(2),201173,2007,2009
Marvin Williams,101107,2005,2017
Micheal Williams,52,1988,1999
Mo Williams,2590,2003,2016
Monty Williams,42,1994,2003
Reggie Williams,199,1987,1997
Reggie Williams(2),202130,2009,2017
Scott Williams,281,1990,2005
Sean Williams,201157,2007,2012
Shammond Williams,1742,1998,2007
Shawne Williams,200761,2006,2015
Shelden Williams,200749,2006,2012
Terrence Williams,201944,2009,2013
Travis Williams,1576,1997,1999
Troy Williams,1627786,2016,2017
Walt Williams,1005,1992,2003
Corliss Williamson,722,1995,2007
Kevin Willis,788,1984,2007
Dedric Willoughby,2000,1999,2000
Kyle Wiltjer,1627787,2016,2017
David Wingate,766,1986,2001
Dontonio Wingfield,112,1994,1998
Justise Winslow,1626159,2015,2017
Trevor Winter,1868,1998,1999
Jeff Withey,203481,2013,2017
Joe Wolf,341,1987,1999
Ruben Wolkowyski,2106,2000,2003
Nate Wolters,203489,2013,2015
Christian Wood,1626174,2015,2017
David Wood,116,1988,1997
Loren Woods,2254,2001,2008
Qyntel Woods,2417,2002,2006
Haywoode Workman,906,1989,2000
Metta World Peace,1897,1999,2017
Antoine Wright,101120,2005,2011
Bracey Wright,101152,2005,2007
Brandan Wright,201148,2007,2017
Chris Wright,202874,2011,2014
Chris Wright(2),203203,2012,2013
Delon Wright,1626153,2015,2017
Dorell Wright,2748,2004,2016
Julian Wright,201153,2007,2011
Lorenzen Wright,953,1996,2009
Sharone Wright,412,1994,1998
Tony Wroten,203100,2012,2016
Yao Ming,2397,2002,2012
Vincent Yarbrough,2428,2002,2003
Yi Jianlian,201146,2007,2012
James Young,203923,2014,2017
Joe Young,1626202,2015,2017
Korleone Young,1748,1998,1999
Nick Young,201156,2007,2017
Sam Young,201970,2009,2013
Thaddeus Young,201152,2007,2017
Tim Young,1937,1999,2000
Sun Yue,201180,2008,2009
Cody Zeller,203469,2013,2017
Luke Zeller,202545,2012,2013
Tyler Zeller,203092,2012,2017
Wang Zhi-zhi,1917,2000,2005
George Zidek,678,1995,1998
Derrick Zimmerman,2583,2005,2006
Stephen Zimmerman,1627757,2016,2017
Paul Zipser,1627835,2016,2017
Ivica Zubac,1627826,2016,2017
